<?xml version="1.0" encoding="utf-8" standalone="no" ?>
<level width="384" height="288">
  <camera x="0" y="0" />
  <walls exportMode="Bitstring">0000011111111100
0000010000001100
0001110000001000
0001000000001000
1111000000001000
1000000000001000
1000000000001000
1000000000001000
1111111111111000
0000000000000000
0000000000000000
0000000000000000</walls>
  <walls_render tileset="basic_tiles" exportMode="CSV">150,150,150,150,150,150,163,163,163,163,163,163,150,150,150,150,
150,150,150,150,150,151,156,156,156,156,156,156,149,150,150,150,
150,163,163,163,163,164,156,156,156,156,156,156,149,150,150,150,
151,150,150,151,156,156,156,156,156,137,137,137,149,150,150,150,
151,163,163,164,156,156,156,156,156,150,150,150,149,150,150,150,
151,150,150,150,156,156,156,137,137,137,137,137,149,150,150,150,
151,150,156,150,156,156,156,150,150,150,150,150,149,150,150,150,
151,150,156,150,156,156,156,150,150,150,150,150,149,150,150,150,
150,137,137,137,137,137,137,137,137,137,137,137,150,150,150,150,
150,150,150,150,150,150,150,150,150,150,150,150,150,150,150,150,
150,150,150,150,150,150,150,150,150,150,150,150,150,150,150,150,
150,150,150,150,150,150,150,150,150,150,150,150,150,150,150,150</walls_render>
  <decoration tileset="decoration" exportMode="CSV">-1,-1,-1,-1,-1,-1,-1,-1,-1,-1,-1,-1,-1,-1,-1,-1,
-1,-1,-1,-1,-1,-1,30,31,29,-1,-1,-1,-1,-1,-1,-1,
-1,-1,-1,-1,-1,-1,39,-1,-1,-1,-1,-1,-1,-1,-1,-1,
-1,-1,30,29,31,-1,-1,-1,-1,-1,-1,46,-1,-1,-1,-1,
-1,-1,-1,-1,55,-1,-1,-1,57,-1,-1,54,-1,-1,-1,-1,
-1,5,6,7,-1,-1,-1,-1,-1,-1,-1,38,-1,-1,-1,-1,
-1,13,22,15,-1,-1,-1,-1,-1,-1,-1,46,-1,-1,-1,-1,
-1,21,22,23,-1,58,56,57,58,-1,-1,56,-1,-1,-1,-1,
-1,-1,-1,-1,-1,-1,-1,-1,-1,-1,-1,-1,-1,-1,-1,-1,
-1,-1,-1,-1,-1,-1,-1,-1,-1,-1,-1,-1,-1,-1,-1,-1,
-1,-1,-1,-1,-1,-1,-1,-1,-1,-1,-1,-1,-1,-1,-1,-1,
-1,-1,-1,-1,-1,-1,-1,-1,-1,-1,-1,-1,-1,-1,-1,-1</decoration>
  <entities>
    <platform id="0" x="168" y="120" width="120" />
    <platform id="1" x="216" y="72" width="72" />
    <doorway id="2" x="48" y="168" stage="0" targetX="2280" targetY="390" />
    <vibrantcrystal id="3" x="240" y="48" />
    <particlefx id="4" x="192" y="24" width="24" height="24" type="sparkles" />
    <particlefx id="5" x="168" y="24" width="24" height="24" type="sparkles" />
    <particlefx id="6" x="144" y="24" width="24" height="24" type="sparkles" />
    <particlefx id="7" x="144" y="48" width="24" height="24" type="sparkles" />
    <particlefx id="8" x="96" y="72" width="24" height="24" type="sparkles" />
    <particlefx id="9" x="96" y="96" width="24" height="24" type="sparkles" />
    <particlefx id="10" x="72" y="72" width="24" height="24" type="sparkles" />
    <particlefx id="11" x="48" y="72" width="24" height="24" type="sparkles" />
    <particlefx id="12" x="120" y="168" width="24" height="24" type="sparkles" />
    <particlefx id="13" x="144" y="168" width="24" height="24" type="sparkles" />
    <particlefx id="14" x="168" y="168" width="24" height="24" type="sparkles" />
    <particlefx id="15" x="192" y="168" width="24" height="24" type="sparkles" />
    <particlefx id="16" x="264" y="168" width="24" height="24" type="sparkles" />
    <particlefx id="17" x="264" y="144" width="24" height="24" type="sparkles" />
    <particlefx id="18" x="264" y="120" width="24" height="24" type="sparkles" />
    <particlefx id="19" x="264" y="96" width="24" height="24" type="sparkles" />
    <particlefx id="20" x="264" y="72" width="24" height="24" type="sparkles" />
    <particlefx id="21" x="192" y="96" width="24" height="24" type="sparkles" />
  </entities>
</level>